{
  "overall": {
    "mse": 0.03334472328424454,
    "rmse": 0.18260537087917328,
    "mae": 0.0941835567355156,
    "r2": 0.4818255305290222
  },
  "per_output": {
    "tool_wear": {
      "mse": 0.06287272274494171,
      "rmse": 0.2507443428039551,
      "mae": 0.15222106873989105,
      "r2": 0.29080629348754883
    },
    "thermal_displacement": {
      "mse": 0.003816715907305479,
      "rmse": 0.06177957355976105,
      "mae": 0.036146052181720734,
      "r2": 0.05033594369888306
    }
  }
}