{
  "overall": {
    "mse": 0.033344730734825134,
    "rmse": 0.18260540068149567,
    "mae": 0.09418359398841858,
    "r2": 0.48182547092437744
  },
  "per_output": {
    "tool_wear": {
      "mse": 0.06287273019552231,
      "rmse": 0.2507443428039551,
      "mae": 0.15222105383872986,
      "r2": 0.29080623388290405
    },
    "thermal_displacement": {
      "mse": 0.00381672871299088,
      "rmse": 0.061779677867889404,
      "mae": 0.0361461341381073,
      "r2": 0.05033278465270996
    }
  }
}