{
  "overall": {
    "mse": 0.014488772489130497,
    "rmse": 0.1203693151473999,
    "mae": 0.06513776630163193,
    "r2": 0.7748455852270126
  },
  "per_output": {
    "tool_wear": {
      "mse": 0.02842750959098339,
      "rmse": 0.16860459744930267,
      "mae": 0.10939295589923859,
      "r2": 0.67934250831604
    },
    "thermal_displacement": {
      "mse": 0.0005500375991687179,
      "rmse": 0.0234528798609972,
      "mae": 0.020882559940218925,
      "r2": 0.8631412535905838
    }
  }
}