{
  "overall": {
    "mse": 0.022413883358240128,
    "rmse": 0.1497126668691635,
    "mae": 0.06807723641395569,
    "r2": 0.6516900062561035
  },
  "per_output": {
    "tool_wear": {
      "mse": 0.044584449380636215,
      "rmse": 0.21115030348300934,
      "mae": 0.1233595758676529,
      "r2": 0.497094988822937
    },
    "thermal_displacement": {
      "mse": 0.00024332193424925208,
      "rmse": 0.015598779544234276,
      "mae": 0.012794905342161655,
      "r2": 0.939457356929779
    }
  }
}