{
  "baseline": {
    "overall": {
      "mse": 0.022413883358240128,
      "rmse": 0.1497126668691635,
      "mae": 0.06807723641395569,
      "r2": 0.6516900062561035
    },
    "per_output": {
      "tool_wear": {
        "mse": 0.044584449380636215,
        "rmse": 0.21115030348300934,
        "mae": 0.1233595758676529,
        "r2": 0.497094988822937
      },
      "thermal_displacement": {
        "mse": 0.00024332193424925208,
        "rmse": 0.015598779544234276,
        "mae": 0.012794905342161655,
        "r2": 0.939457356929779
      }
    }
  },
  "final": {
    "overall": {
      "mse": 0.005749255884438753,
      "rmse": 0.07582385092973709,
      "mae": 0.04864633083343506,
      "r2": 0.9106569886207581
    },
    "per_output": {
      "tool_wear": {
        "mse": 0.01137168612331152,
        "rmse": 0.1066381111741066,
        "mae": 0.08764199912548065,
        "r2": 0.87172931432724
      },
      "thermal_displacement": {
        "mse": 0.00012682560191024095,
        "rmse": 0.011261687614023685,
        "mae": 0.00965066347271204,
        "r2": 0.9684436321258545
      }
    }
  },
  "pruning_history": {
    "stage": [
      0,
      1,
      2,
      3,
      4
    ],
    "params": [
      666882,
      467355,
      327686,
      262507,
      210364
    ],
    "sparsity": [
      0.0,
      0.29919386038309626,
      0.5086297126028293,
      0.6063666435741255,
      0.6845558884480313
    ],
    "r2": [
      0.6516900062561035,
      0.9292169213294983,
      0.9161564111709595,
      0.9101133942604065,
      0.9106569886207581
    ],
    "tool_r2": [
      0.497094988822937,
      0.8980444073677063,
      0.8795448541641235,
      0.8709441423416138,
      0.87172931432724
    ],
    "thermal_r2": [
      0.939457356929779,
      0.9823122620582581,
      0.9721521735191345,
      0.9683549404144287,
      0.9684436321258545
    ]
  },
  "parameter_reduction": 0.6845558884480313
}