{
  "baseline": {
    "overall": {
      "mse": 0.03334472328424454,
      "rmse": 0.18260537087917328,
      "mae": 0.0941835567355156,
      "r2": 0.4818255305290222
    },
    "per_output": {
      "tool_wear": {
        "mse": 0.06287272274494171,
        "rmse": 0.2507443428039551,
        "mae": 0.15222106873989105,
        "r2": 0.29080629348754883
      },
      "thermal_displacement": {
        "mse": 0.003816715907305479,
        "rmse": 0.06177957355976105,
        "mae": 0.036146052181720734,
        "r2": 0.05033594369888306
      }
    }
  },
  "final": {
    "overall": {
      "mse": 0.008947736583650112,
      "rmse": 0.09459247440099716,
      "mae": 0.05775495991110802,
      "r2": 0.8609528541564941
    },
    "per_output": {
      "tool_wear": {
        "mse": 0.017823826521635056,
        "rmse": 0.1335059106349945,
        "mae": 0.10907655954360962,
        "r2": 0.7989502549171448
      },
      "thermal_displacement": {
        "mse": 7.164626003941521e-05,
        "rmse": 0.008464411832392216,
        "mae": 0.006433350499719381,
        "r2": 0.9821732044219971
      }
    }
  },
  "pruning_history": {
    "stage": [
      0,
      1,
      2,
      3,
      4
    ],
    "params": [
      666882,
      467355,
      327686,
      262507,
      210364
    ],
    "sparsity": [
      0.0,
      0.29919386038309626,
      0.5086297126028293,
      0.6063666435741255,
      0.6845558884480313
    ],
    "r2": [
      0.4818255305290222,
      0.859421968460083,
      0.8701134920120239,
      0.8649252653121948,
      0.8609528541564941
    ],
    "tool_r2": [
      0.29080629348754883,
      0.7980174422264099,
      0.8121069073677063,
      0.8043732643127441,
      0.7989502549171448
    ],
    "thermal_r2": [
      0.05033594369888306,
      0.953725278377533,
      0.9853055477142334,
      0.9897585511207581,
      0.9821732044219971
    ]
  },
  "parameter_reduction": 0.6845558884480313
}