{
  "dense_params": 666882,
  "spinn_params": 67602,
  "parameter_reduction": 0.8986297425931424,
  "dense_r2": -2.4452677369117737,
  "spinn_r2": 0.9235647320747375,
  "pruning_history": {
    "params": [
      666882,
      375149,
      210927,
      119307,
      67602
    ],
    "test_loss": [
      0.08646098115982917,
      0.00673575957346027,
      0.006289267466994575,
      0.007123688704128794,
      0.005770125110127713
    ],
    "test_r2": [
      -2.4452677369117737,
      0.9132432639598846,
      0.9163245260715485,
      0.9064699709415436,
      0.9235647320747375
    ],
    "architectures": [
      [
        512,
        512,
        512,
        256
      ],
      [
        383,
        383,
        383,
        191
      ],
      [
        286,
        286,
        286,
        143
      ],
      [
        214,
        214,
        214,
        107
      ],
      [
        160,
        160,
        160,
        80
      ]
    ]
  },
  "final": {
    "overall": {
      "test_loss": 0.005770125110127713,
      "r2": 0.9235647320747375
    },
    "per_output": {
      "tool_wear": {
        "r2": 0.8694987893104553
      },
      "thermal_displacement": {
        "r2": 0.9776306748390198
      }
    }
  }
}