{
  "dense_params": 666882,
  "spinn_params": 67602,
  "parameter_reduction": 0.8986297425931424,
  "dense_r2": 0.718276172876358,
  "spinn_r2": 0.9457274079322815,
  "pruning_history": {
    "params": [
      666882,
      375149,
      210927,
      119307,
      67602
    ],
    "test_loss": [
      0.03072516098528957,
      0.004606024769600481,
      0.0052139747360622725,
      0.005346676628995248,
      0.0043861921585630625
    ],
    "test_r2": [
      0.718276172876358,
      0.9423306882381439,
      0.9375290274620056,
      0.9386945366859436,
      0.9457274079322815
    ],
    "architectures": [
      [
        512,
        512,
        512,
        256
      ],
      [
        383,
        383,
        383,
        191
      ],
      [
        286,
        286,
        286,
        143
      ],
      [
        214,
        214,
        214,
        107
      ],
      [
        160,
        160,
        160,
        80
      ]
    ]
  },
  "final": {
    "overall": {
      "test_loss": 0.0043861921585630625,
      "r2": 0.9457274079322815
    },
    "per_output": {
      "tool_wear": {
        "r2": 0.9075347185134888
      },
      "thermal_displacement": {
        "r2": 0.9839200973510742
      }
    }
  }
}