{
  "baseline": {
    "overall": {
      "mse": 0.03334472328424454,
      "rmse": 0.18260537087917328,
      "mae": 0.0941835567355156,
      "r2": 0.4818255305290222
    },
    "per_output": {
      "tool_wear": {
        "mse": 0.06287272274494171,
        "rmse": 0.2507443428039551,
        "mae": 0.15222106873989105,
        "r2": 0.29080629348754883
      },
      "thermal_displacement": {
        "mse": 0.00381671660579741,
        "rmse": 0.061779581010341644,
        "mae": 0.036146052181720734,
        "r2": 0.05033576488494873
      }
    }
  },
  "final": {
    "overall": {
      "mse": 0.010140598751604557,
      "rmse": 0.10070054233074188,
      "mae": 0.060215290635824203,
      "r2": 0.8424158692359924
    },
    "per_output": {
      "tool_wear": {
        "mse": 0.020233135670423508,
        "rmse": 0.14224322140216827,
        "mae": 0.11443622410297394,
        "r2": 0.7717736512422562
      },
      "thermal_displacement": {
        "mse": 4.8060293920570984e-05,
        "rmse": 0.006932553369551897,
        "mae": 0.0059943548403680325,
        "r2": 0.9880417780950665
      }
    }
  },
  "pruning_history": {
    "stage": [
      0,
      1,
      2,
      3,
      4
    ],
    "params": [
      666882,
      467355,
      327686,
      262507,
      210364
    ],
    "sparsity": [
      0.0,
      0.29919386038309626,
      0.5086297126028293,
      0.6063666435741255,
      0.6845558884480313
    ],
    "r2": [
      0.4818255305290222,
      0.8758179247379303,
      0.8818282634019852,
      0.8556414693593979,
      0.8424158692359924
    ],
    "tool_r2": [
      0.29080629348754883,
      0.8211515694856644,
      0.8311304748058319,
      0.7908931076526642,
      0.7717736512422562
    ],
    "thermal_r2": [
      0.05033576488494873,
      0.9684670232236385,
      0.9408154636621475,
      0.9898160258308053,
      0.9880417780950665
    ]
  },
  "parameter_reduction": 0.6845558884480313
}