{
  "dense_test_r2_overall": -68.3997573852539,
  "dense_test_r2_wear": -13.221264839172363,
  "dense_test_r2_thermal": -123.57825469970703,
  "spinn_test_r2_overall": -78.69293975830078,
  "spinn_test_r2_wear": -14.114944458007812,
  "spinn_test_r2_thermal": -143.27101135253906,
  "verified_date": "2025-11-10"
}