{
  "dense": {
    "overall": {
      "r2": 0.17057162523269653,
      "rmse": 0.18260536563571794,
      "mae": 0.09418357163667679,
      "mse": 0.03334471955895424
    },
    "per_output": {
      "tool_wear": {
        "r2": 0.29080629348754883,
        "rmse": 0.2507443374135131,
        "mae": 0.15222106873989105,
        "mape": 53.06889343261719
      },
      "thermal_displacement": {
        "r2": 0.05033594369888306,
        "rmse": 0.06177957516287627,
        "mae": 0.036146052181720734,
        "mape": 1292.6002197265625
      }
    }
  },
  "spinn": {
    "overall": {
      "r2": 0.8905616998672485,
      "rmse": 0.09459247635858843,
      "mae": 0.057754915207624435,
      "mse": 0.008947736583650112
    },
    "per_output": {
      "tool_wear": {
        "r2": 0.7989502549171448,
        "rmse": 0.13350590444484114,
        "mae": 0.10907655954360962,
        "mape": 39.020668029785156
      },
      "thermal_displacement": {
        "r2": 0.9821732044219971,
        "rmse": 0.008464411381745054,
        "mae": 0.006433350499719381,
        "mape": 198.55450439453125
      }
    }
  }
}